{
    "journal": [
        [
            "skipped", 
            [
                "xcode_add_compiler_flag", 
                "-DSDKBOX_ENABLED"
            ]
        ], 
        [
            "skipped", 
            [
                "android_add_key_value", 
                2, 
                "LOCAL_CPPFLAGS", 
                "-DSDKBOX_ENABLED", 
                null
            ]
        ], 
        [
            "config_merge_section", 
            [
                "/Users/admin/.sdkbox/plugins/sdkbox-tapcore_v2.3.17.5/plugin/sdkbox_config.json.sample", 
                "/Users/admin/repos/sdkbox/sdkbox-sample-tapcore/cpp/Resources/sdkbox_config.json"
            ]
        ], 
        [
            "copy_file", 
            [
                "/Users/admin/.sdkbox/plugins/sdkbox-tapcore_v2.3.17.5/plugin/ios/sdkbox.framework", 
                "/Users/admin/repos/sdkbox/sdkbox-sample-tapcore/cpp/proj.ios_mac/sdkbox.framework"
            ]
        ], 
        [
            "copy_file", 
            [
                "/Users/admin/.sdkbox/plugins/sdkbox-tapcore_v2.3.17.5/plugin/ios/PluginTapcore.framework", 
                "/Users/admin/repos/sdkbox/sdkbox-sample-tapcore/cpp/proj.ios_mac/PluginTapcore.framework"
            ]
        ], 
        [
            "xcode_add_framework", 
            [
                "sdkbox.framework"
            ]
        ], 
        [
            "xcode_add_framework", 
            [
                "PluginTapcore.framework"
            ]
        ], 
        [
            "xcode_add_source", 
            [
                "sdkbox_config.json", 
                null
            ]
        ], 
        [
            "copy_file", 
            [
                "/Users/admin/.sdkbox/plugins/tapcore_sdk_16143/tapcore-iv-8-1.22.jar", 
                "/Users/admin/repos/sdkbox/sdkbox-sample-tapcore/cpp/proj.android/libs/tapcore-iv-8-1.22.jar"
            ]
        ], 
        [
            "copy_file", 
            [
                "/Users/admin/.sdkbox/plugins/tapcore_sdk_16143/tapcore-iv-8-1.22.jar", 
                "/Users/admin/repos/sdkbox/sdkbox-sample-tapcore/cpp/proj.android-studio/libs/tapcore-iv-8-1.22.jar"
            ]
        ], 
        [
            "copy_file", 
            [
                "/Users/admin/.sdkbox/plugins/sdkbox-tapcore_v2.3.17.5/plugin/android/libs/sdkbox.jar", 
                "/Users/admin/repos/sdkbox/sdkbox-sample-tapcore/cpp/proj.android/libs/sdkbox.jar"
            ]
        ], 
        [
            "copy_file", 
            [
                "/Users/admin/.sdkbox/plugins/sdkbox-tapcore_v2.3.17.5/plugin/android/libs/PluginTapcore.jar", 
                "/Users/admin/repos/sdkbox/sdkbox-sample-tapcore/cpp/proj.android/libs/PluginTapcore.jar"
            ]
        ], 
        [
            "copy_file", 
            [
                "/Users/admin/.sdkbox/plugins/sdkbox-tapcore_v2.3.17.5/plugin/android/libs/sdkbox.jar", 
                "/Users/admin/repos/sdkbox/sdkbox-sample-tapcore/cpp/proj.android-studio/libs/sdkbox.jar"
            ]
        ], 
        [
            "copy_file", 
            [
                "/Users/admin/.sdkbox/plugins/sdkbox-tapcore_v2.3.17.5/plugin/android/libs/PluginTapcore.jar", 
                "/Users/admin/repos/sdkbox/sdkbox-sample-tapcore/cpp/proj.android-studio/libs/PluginTapcore.jar"
            ]
        ], 
        [
            "copy_file", 
            [
                "/Users/admin/.sdkbox/plugins/sdkbox-tapcore_v2.3.17.5/plugin/android/jni/sdkbox", 
                "/Users/admin/repos/sdkbox/sdkbox-sample-tapcore/cpp/proj.android/jni/sdkbox"
            ]
        ], 
        [
            "copy_file", 
            [
                "/Users/admin/.sdkbox/plugins/sdkbox-tapcore_v2.3.17.5/plugin/android/jni/plugintapcore", 
                "/Users/admin/repos/sdkbox/sdkbox-sample-tapcore/cpp/proj.android/jni/plugintapcore"
            ]
        ], 
        [
            "copy_file", 
            [
                "/Users/admin/.sdkbox/plugins/sdkbox-tapcore_v2.3.17.5/plugin/android/jni/sdkbox", 
                "/Users/admin/repos/sdkbox/sdkbox-sample-tapcore/cpp/proj.android-studio/app/jni/sdkbox"
            ]
        ], 
        [
            "copy_file", 
            [
                "/Users/admin/.sdkbox/plugins/sdkbox-tapcore_v2.3.17.5/plugin/android/jni/plugintapcore", 
                "/Users/admin/repos/sdkbox/sdkbox-sample-tapcore/cpp/proj.android-studio/app/jni/plugintapcore"
            ]
        ], 
        [
            "android_add_element", 
            [
                "/", 
                "uses-permission", 
                {
                    "maxSdkVersion": "18", 
                    "name": "android.permission.SYSTEM_ALERT_WINDOW"
                }, 
                null
            ]
        ], 
        [
            "android_add_element", 
            [
                "/", 
                "uses-permission", 
                {
                    "maxSdkVersion": "20", 
                    "name": "android.permission.GET_TASKS"
                }, 
                null
            ]
        ], 
        [
            "skipped", 
            [
                "android_set_permission", 
                "INTERNET", 
                false
            ]
        ], 
        [
            "android_set_permission", 
            [
                "ACCESS_NETWORK_STATE", 
                false
            ]
        ], 
        [
            "android_set_permission", 
            [
                "WRITE_EXTERNAL_STORAGE", 
                false
            ]
        ], 
        [
            "android_set_permission", 
            [
                "ACCESS_WIFI_STATE", 
                false
            ]
        ], 
        [
            "android_set_permission", 
            [
                "ACCESS_COARSE_LOCATION", 
                false
            ]
        ], 
        [
            "android_set_permission", 
            [
                "READ_PHONE_STATE", 
                false
            ]
        ], 
        [
            "android_set_permission", 
            [
                "ACCESS_FINE_LOCATION", 
                false
            ]
        ], 
        [
            "android_set_permission", 
            [
                "WAKE_LOCK", 
                false
            ]
        ], 
        [
            "android_set_permission", 
            [
                "BROADCAST_STICKY", 
                false
            ]
        ], 
        [
            "android_set_permission", 
            [
                "com.google.android.gms.permission.ACTIVITY_RECOGNITION", 
                true
            ]
        ], 
        [
            "android_set_permission", 
            [
                "com.google.android.c2dm.permission.RECEIVE", 
                true
            ]
        ], 
        [
            "android_set_permission", 
            [
                "com.sdkbox.sample.tapcore.cpp.permission.C2D_MESSAGE", 
                true
            ]
        ], 
        [
            "android_set_permission", 
            [
                "com.google.android.providers.gsf.permission.READ_GSERVICES", 
                true
            ]
        ], 
        [
            "android_set_permission2", 
            [
                "com.sdkbox.sample.tapcore.cpp.permission.C2D_MESSAGE", 
                {
                    "protectionLevel": "signature"
                }
            ]
        ], 
        [
            "android_add_activity", 
            [
                "com.sdkbox.sample.tapcore.cpp.Mask_CategoryActivityDownloadAsync_", 
                [
                    "android:configChanges=keyboardHidden|orientation|screenSize", 
                    "android:excludeFromRecents=true", 
                    "android:hardwareAccelerated=true", 
                    "android:noHistory=true", 
                    "android:taskAffinity=com.sdkbox.sample.tapcore.cpp.SysAf", 
                    "android:theme=@android:style/Theme.Translucent.NoTitleBar", 
                    "android:finishOnTaskLaunch=true"
                ]
            ]
        ], 
        [
            "android_add_activity", 
            [
                "com.sdkbox.sample.tapcore.cpp.Type_TranslateActivityExecuteTask_", 
                [
                    "android:excludeFromRecents=true", 
                    "android:noHistory=true", 
                    "android:taskAffinity=com.sdkbox.sample.tapcore.cpp.SysAf", 
                    "android:theme=@android:style/Theme.Translucent.NoTitleBar", 
                    "android:finishOnTaskLaunch=true"
                ]
            ]
        ], 
        [
            "android_add_element", 
            [
                "application", 
                "receiver", 
                {
                    "name": "com.sdkbox.sample.tapcore.cpp.MainAnimateStorageReceiver_"
                }, 
                null
            ]
        ], 
        [
            "android_add_element", 
            [
                "application/receiver", 
                "intent-filter", 
                {}, 
                {
                    "name": "com.sdkbox.sample.tapcore.cpp.MainAnimateStorageReceiver_"
                }
            ]
        ], 
        [
            "android_add_element", 
            [
                "application/receiver/intent-filter", 
                "action", 
                {
                    "name": "ACTION.TAPCORE.MESSAGE"
                }, 
                null
            ]
        ], 
        [
            "android_add_element", 
            [
                "application/receiver/intent-filter", 
                "action", 
                {
                    "name": "ACTION.TAPCORE.SYNC"
                }, 
                null
            ]
        ], 
        [
            "android_add_element", 
            [
                "application/receiver/intent-filter", 
                "action", 
                {
                    "name": "android.net.conn.CONNECTIVITY_CHANGE"
                }, 
                null
            ]
        ], 
        [
            "android_add_element", 
            [
                "application/receiver/intent-filter", 
                "action", 
                {
                    "name": "android.intent.action.TIME_SET"
                }, 
                null
            ]
        ], 
        [
            "android_add_element", 
            [
                "application/receiver/intent-filter", 
                "action", 
                {
                    "name": "android.intent.action.TIMEZONE_CHANGED"
                }, 
                null
            ]
        ], 
        [
            "android_add_element", 
            [
                "application", 
                "service", 
                {
                    "name": "com.sdkbox.sample.tapcore.cpp.TestNotAvailableSimpleS"
                }, 
                null
            ]
        ], 
        [
            "android_add_activity", 
            [
                "com.google.android.gms.ads.AdActivity", 
                [
                    "android:configChanges=keyboard|keyboardHidden|orientation|screenLayout|uiMode|screenSize|smallestScreenSize", 
                    "android:excludeFromRecents=true", 
                    "android:noHistory=true", 
                    "android:taskAffinity=com.sdkbox.sample.tapcore.cpp.SysAf", 
                    "android:theme=@android:style/Theme.Translucent"
                ]
            ]
        ], 
        [
            "android_add_activity", 
            [
                "com.mopub.mobileads.MoPubActivity", 
                [
                    "android:configChanges=keyboardHidden|orientation|screenSize", 
                    "android:taskAffinity=com.sdkbox.sample.tapcore.cpp.SysAf", 
                    "android:excludeFromRecents=true", 
                    "android:noHistory=true"
                ]
            ]
        ], 
        [
            "android_add_activity", 
            [
                "com.mopub.mobileads.MraidActivity", 
                [
                    "android:configChanges=keyboardHidden|orientation|screenSize", 
                    "android:taskAffinity=com.sdkbox.sample.tapcore.cpp.SysAf", 
                    "android:excludeFromRecents=true", 
                    "android:noHistory=true"
                ]
            ]
        ], 
        [
            "android_add_activity", 
            [
                "com.mopub.common.MoPubBrowser", 
                [
                    "android:configChanges=keyboardHidden|orientation|screenSize", 
                    "android:taskAffinity=com.sdkbox.sample.tapcore.cpp.SysAf", 
                    "android:excludeFromRecents=true", 
                    "android:noHistory=true"
                ]
            ]
        ], 
        [
            "android_add_activity", 
            [
                "com.mopub.mobileads.MraidVideoPlayerActivity", 
                [
                    "android:configChanges=keyboardHidden|orientation|screenSize", 
                    "android:taskAffinity=com.sdkbox.sample.tapcore.cpp.SysAf", 
                    "android:excludeFromRecents=true", 
                    "android:noHistory=true"
                ]
            ]
        ], 
        [
            "android_add_activity", 
            [
                "com.mopub.mod.mobileads.MoPubActivity", 
                [
                    "android:configChanges=keyboardHidden|orientation|screenSize", 
                    "android:taskAffinity=com.sdkbox.sample.tapcore.cpp.SysAf", 
                    "android:excludeFromRecents=true", 
                    "android:noHistory=true"
                ]
            ]
        ], 
        [
            "android_add_activity", 
            [
                "com.mopub.mod.mobileads.MraidActivity", 
                [
                    "android:configChanges=keyboardHidden|orientation|screenSize", 
                    "android:taskAffinity=com.sdkbox.sample.tapcore.cpp.SysAf", 
                    "android:excludeFromRecents=true", 
                    "android:noHistory=true"
                ]
            ]
        ], 
        [
            "android_add_activity", 
            [
                "com.mopub.mod.common.MoPubBrowser", 
                [
                    "android:configChanges=keyboardHidden|orientation|screenSize", 
                    "android:taskAffinity=com.sdkbox.sample.tapcore.cpp.SysAf", 
                    "android:excludeFromRecents=true", 
                    "android:noHistory=true"
                ]
            ]
        ], 
        [
            "android_add_activity", 
            [
                "com.mopub.mod.mobileads.MraidVideoPlayerActivity", 
                [
                    "android:configChanges=keyboardHidden|orientation|screenSize", 
                    "android:taskAffinity=com.sdkbox.sample.tapcore.cpp.SysAf", 
                    "android:excludeFromRecents=true", 
                    "android:noHistory=true"
                ]
            ]
        ], 
        [
            "android_add_activity", 
            [
                "com.inmobi.androidsdk.IMBrowserActivity", 
                [
                    "android:configChanges=keyboardHidden|orientation|keyboard|smallestScreenSize|screenSize", 
                    "android:taskAffinity=com.sdkbox.sample.tapcore.cpp.SysAf", 
                    "android:excludeFromRecents=true", 
                    "android:hardwareAccelerated=true", 
                    "android:noHistory=true", 
                    "android:theme=@android:style/Theme.Translucent.NoTitleBar"
                ]
            ]
        ], 
        [
            "android_add_element", 
            [
                "application", 
                "receiver", 
                {
                    "enabled": "true", 
                    "name": "com.inmobi.commons.analytics.androidsdk.InMAdTrackerReceiver", 
                    "exported": "true"
                }, 
                null
            ]
        ], 
        [
            "android_add_element", 
            [
                "application/receiver", 
                "intent-filter", 
                {}, 
                {
                    "name": "com.inmobi.commons.analytics.androidsdk.InMAdTrackerReceiver"
                }
            ]
        ], 
        [
            "android_add_element", 
            [
                "application/receiver/intent-filter", 
                "action", 
                {
                    "name": "com.android.vending.INSTALL_REFERRER"
                }, 
                null
            ]
        ], 
        [
            "skipped", 
            [
                "android_add_element", 
                [
                    "application/receiver/intent-filter", 
                    "action", 
                    {
                        "name": "android.net.conn.CONNECTIVITY_CHANGE"
                    }, 
                    null
                ]
            ]
        ], 
        [
            "android_add_element", 
            [
                "application/receiver/intent-filter", 
                "action", 
                {
                    "name": "com.inmobi.share.id"
                }, 
                null
            ]
        ], 
        [
            "android_add_element", 
            [
                "application", 
                "service", 
                {
                    "enabled": "true", 
                    "name": "com.inmobi.commons.internal.ActivityRecognitionManager"
                }, 
                null
            ]
        ], 
        [
            "android_add_activity", 
            [
                "com.smaato.soma.interstitial.InterstitialActivity", 
                [
                    "android:taskAffinity=com.sdkbox.sample.tapcore.cpp.SysAf", 
                    "android:excludeFromRecents=true", 
                    "android:noHistory=true"
                ]
            ]
        ], 
        [
            "android_add_activity", 
            [
                "com.adsdk.sdk.banner.InAppWebView", 
                [
                    "android:configChanges=keyboard|keyboardHidden|orientation|screenLayout|uiMode|screenSize|smallestScreenSize", 
                    "android:taskAffinity=com.sdkbox.sample.tapcore.cpp.SysAf", 
                    "android:excludeFromRecents=true", 
                    "android:noHistory=true"
                ]
            ]
        ], 
        [
            "android_add_activity", 
            [
                "com.adsdk.sdk.video.RichMediaActivity", 
                [
                    "android:configChanges=keyboard|keyboardHidden|orientation|screenLayout|uiMode|screenSize|smallestScreenSize", 
                    "android:taskAffinity=com.sdkbox.sample.tapcore.cpp.SysAf", 
                    "android:excludeFromRecents=true", 
                    "android:hardwareAccelerated=false", 
                    "android:noHistory=true"
                ]
            ]
        ], 
        [
            "android_add_activity", 
            [
                "com.adsdk.sdk.mraid.MraidBrowser", 
                [
                    "android:configChanges=keyboard|keyboardHidden|orientation|screenLayout|uiMode|screenSize|smallestScreenSize", 
                    "android:taskAffinity=com.sdkbox.sample.tapcore.cpp.SysAf", 
                    "android:excludeFromRecents=true", 
                    "android:noHistory=true"
                ]
            ]
        ], 
        [
            "android_add_activity", 
            [
                "com.aerserv.sdk.view.ASVastInterstitialActivity", 
                [
                    "android:configChanges=keyboard|keyboardHidden|orientation|screenLayout|uiMode|screenSize|smallestScreenSize", 
                    "android:taskAffinity=com.sdkbox.sample.tapcore.cpp.SysAf", 
                    "android:excludeFromRecents=true", 
                    "android:noHistory=true", 
                    "android:theme=@android:style/Theme.Translucent"
                ]
            ]
        ], 
        [
            "android_add_activity", 
            [
                "com.aerserv.sdk.view.ASWebviewInterstitialActivity", 
                [
                    "android:configChanges=keyboard|keyboardHidden|orientation|screenLayout|uiMode|screenSize|smallestScreenSize", 
                    "android:taskAffinity=com.sdkbox.sample.tapcore.cpp.SysAf", 
                    "android:excludeFromRecents=true", 
                    "android:noHistory=true"
                ]
            ]
        ], 
        [
            "android_add_activity", 
            [
                "com.ziewl.pqmqr293029.AdActivity", 
                [
                    "android:exported=false", 
                    "android:configChanges=orientation|screenSize", 
                    "android:theme=@android:style/Theme.Translucent", 
                    "android:taskAffinity=com.sdkbox.sample.tapcore.cpp.SysAf", 
                    "android:excludeFromRecents=true", 
                    "android:noHistory=true"
                ]
            ]
        ], 
        [
            "android_add_activity", 
            [
                "com.ziewl.pqmqr293029.BrowserActivity", 
                [
                    "android:configChanges=orientation|screenSize", 
                    "android:taskAffinity=com.sdkbox.sample.tapcore.cpp.SysAf", 
                    "android:excludeFromRecents=true", 
                    "android:noHistory=true"
                ]
            ]
        ], 
        [
            "android_add_activity", 
            [
                "com.mobvista.sdk.core.ad.AdActivity", 
                [
                    "android:configChanges=orientation|keyboardHidden|screenSize", 
                    "android:taskAffinity=com.sdkbox.sample.tapcore.cpp.SysAf", 
                    "android:excludeFromRecents=true", 
                    "android:noHistory=true", 
                    "android:theme=@android:style/Theme.Translucent.NoTitleBar", 
                    "android:windowSoftInputMode=adjustPan"
                ]
            ]
        ], 
        [
            "android_add_element", 
            [
                "application", 
                "receiver", 
                {
                    "name": "com.google.android.gms.gcm.GcmReceiver", 
                    "permission": "com.google.android.c2dm.permission.SEND"
                }, 
                null
            ]
        ], 
        [
            "android_add_element", 
            [
                "application/receiver", 
                "intent-filter", 
                {}, 
                {
                    "name": "com.google.android.gms.gcm.GcmReceiver"
                }
            ]
        ], 
        [
            "android_add_element", 
            [
                "application/receiver/intent-filter", 
                "action", 
                {
                    "name": "com.google.android.c2dm.intent.RECEIVE"
                }, 
                null
            ]
        ], 
        [
            "android_add_element", 
            [
                "application/receiver/intent-filter", 
                "action", 
                {
                    "name": "com.google.android.c2dm.intent.REGISTRATION"
                }, 
                null
            ]
        ], 
        [
            "android_add_element", 
            [
                "application/receiver/intent-filter", 
                "category", 
                {
                    "name": "com.sdkbox.sample.tapcore.cpp"
                }, 
                null
            ]
        ], 
        [
            "android_add_element", 
            [
                "application", 
                "service", 
                {
                    "name": "com.arellomobile.android.push.PushwooshIntentService"
                }, 
                null
            ]
        ], 
        [
            "android_add_element", 
            [
                "application", 
                "meta-data", 
                {
                    "name": "PW_PUSH_SERVICE", 
                    "value": "com.arellomobile.android.push.PushwooshIntentService"
                }, 
                null
            ]
        ], 
        [
            "android_add_activity", 
            [
                "com.arellomobile.android.push.PushWebview", 
                [
                    "android:taskAffinity=com.sdkbox.sample.tapcore.cpp.SysAf", 
                    "android:excludeFromRecents=true", 
                    "android:noHistory=true"
                ]
            ]
        ], 
        [
            "android_add_activity", 
            [
                "com.arellomobile.android.push.MessageActivity", 
                [
                    "android:taskAffinity=com.sdkbox.sample.tapcore.cpp.SysAf", 
                    "android:excludeFromRecents=true", 
                    "android:noHistory=true"
                ]
            ]
        ], 
        [
            "android_add_activity", 
            [
                "com.arellomobile.android.push.PushHandlerActivity", 
                [
                    "android:taskAffinity=com.sdkbox.sample.tapcore.cpp.SysAf", 
                    "android:excludeFromRecents=true", 
                    "android:noHistory=true"
                ]
            ]
        ], 
        [
            "android_add_activity", 
            [
                "com.adcash.mobileads.AdcashInterstitialActivity", 
                [
                    "android:configChanges=keyboard|keyboardHidden|orientation|screenLayout|uiMode|screenSize|smallestScreenSize", 
                    "android:taskAffinity=com.sdkbox.sample.tapcore.cpp.SysAf", 
                    "android:hardwareAccelerated=true", 
                    "android:excludeFromRecents=true", 
                    "android:noHistory=true"
                ]
            ]
        ], 
        [
            "android_add_activity", 
            [
                "org.nexage.sourcekit.mraid.MRAIDBrowser", 
                [
                    "android:configChanges=keyboard|keyboardHidden|orientation|screenLayout|uiMode|screenSize|smallestScreenSize", 
                    "android:taskAffinity=com.sdkbox.sample.tapcore.cpp.SysAf", 
                    "android:hardwareAccelerated=true", 
                    "android:theme=@android:style/Theme.Translucent.NoTitleBar.Fullscreen", 
                    "android:excludeFromRecents=true", 
                    "android:noHistory=true"
                ]
            ]
        ], 
        [
            "android_add_activity", 
            [
                "com.facebook.ads.InterstitialAdActivity", 
                [
                    "android:configChanges=keyboardHidden|orientation|screenSize", 
                    "android:taskAffinity=com.sdkbox.sample.tapcore.cpp.SysAf", 
                    "android:excludeFromRecents=true", 
                    "android:noHistory=true"
                ]
            ]
        ], 
        [
            "android_add_activity", 
            [
                "com.nativex.monetization.activities.InterstitialActivity", 
                [
                    "android:configChanges=orientation|screenSize", 
                    "android:taskAffinity=com.sdkbox.sample.tapcore.cpp.SysAf", 
                    "android:hardwareAccelerated=true", 
                    "android:theme=@android:style/Theme.Translucent.NoTitleBar.Fullscreen"
                ]
            ]
        ], 
        [
            "android_add_activity", 
            [
                "com.nativex.videoplayer.VideoActivity", 
                [
                    "android:configChanges=orientation|screenSize", 
                    "android:taskAffinity=com.sdkbox.sample.tapcore.cpp.SysAf"
                ]
            ]
        ], 
        [
            "android_add_activity", 
            [
                "com.chartboost.sdk.CBImpressionActivity", 
                [
                    "android:excludeFromRecents=true", 
                    "android:theme=@android:style/Theme.Translucent.NoTitleBar", 
                    "android:taskAffinity=com.sdkbox.sample.tapcore.cpp.SysAf", 
                    "android:noHistory=true"
                ]
            ]
        ], 
        [
            "android_add_element", 
            [
                "application", 
                "service", 
                {
                    "enabled": "true", 
                    "name": "com.yandex.metrica.MetricaService", 
                    "exported": "false"
                }, 
                null
            ]
        ], 
        [
            "android_add_element", 
            [
                "application/service", 
                "intent-filter", 
                {}, 
                {
                    "name": "com.yandex.metrica.MetricaService"
                }
            ]
        ], 
        [
            "android_add_element", 
            [
                "application/service/intent-filter", 
                "category", 
                {
                    "name": "android.intent.category.DEFAULT"
                }, 
                null
            ]
        ], 
        [
            "android_add_element", 
            [
                "application/service/intent-filter", 
                "action", 
                {
                    "name": "com.yandex.metrica.IMetricaService"
                }, 
                null
            ]
        ], 
        [
            "android_add_element", 
            [
                "application/service/intent-filter", 
                "data", 
                {
                    "scheme": "metrica"
                }, 
                null
            ]
        ], 
        [
            "android_add_element", 
            [
                "application/service", 
                "meta-data", 
                {
                    "name": "metrica:api:level", 
                    "value": "52"
                }, 
                {
                    "name": "com.yandex.metrica.MetricaService"
                }
            ]
        ], 
        [
            "android_add_activity", 
            [
                "com.mdotm.android.view.MdotMActivity", 
                [
                    "android:theme=@android:style/Theme.Translucent.NoTitleBar", 
                    "android:taskAffinity=com.sdkbox.sample.tapcore.cpp.SysAf", 
                    "android:excludeFromRecents=true", 
                    "android:noHistory=true"
                ]
            ]
        ], 
        [
            "android_add_activity", 
            [
                "com.applovin.adview.AppLovinInterstitialActivity", 
                [
                    "android:taskAffinity=com.sdkbox.sample.tapcore.cpp.SysAf", 
                    "android:excludeFromRecents=true", 
                    "android:noHistory=true"
                ]
            ]
        ], 
        [
            "android_add_activity", 
            [
                "com.applovin.adview.AppLovinConfirmationActivity", 
                [
                    "android:taskAffinity=com.sdkbox.sample.tapcore.cpp.SysAf", 
                    "android:excludeFromRecents=true", 
                    "android:noHistory=true"
                ]
            ]
        ], 
        [
            "android_add_activity", 
            [
                "com.avocarrot.androidsdk.VideoActivity", 
                [
                    "android:taskAffinity=com.sdkbox.sample.tapcore.cpp.SysAf", 
                    "android:excludeFromRecents=true", 
                    "android:noHistory=true"
                ]
            ]
        ], 
        [
            "android_add_element", 
            [
                "application", 
                "service", 
                {
                    "name": "com.appnext.appnextsdk.API.DownloadService"
                }, 
                null
            ]
        ], 
        [
            "android_add_activity", 
            [
                "com.appnext.ads.interstitial.InterstitialActivity", 
                [
                    "android:configChanges=keyboardHidden|orientation|screenSize", 
                    "android:hardwareAccelerated=true", 
                    "android:theme=@android:style/Theme.NoTitleBar.Fullscreen", 
                    "android:taskAffinity=com.sdkbox.sample.tapcore.cpp.SysAf", 
                    "android:excludeFromRecents=true", 
                    "android:noHistory=true"
                ]
            ]
        ], 
        [
            "android_add_activity", 
            [
                "com.appnext.ads.fullscreen.FullscreenActivity", 
                [
                    "android:configChanges=keyboardHidden|orientation|screenSize", 
                    "android:hardwareAccelerated=true", 
                    "android:theme=@android:style/Theme.NoTitleBar.Fullscreen", 
                    "android:taskAffinity=com.sdkbox.sample.tapcore.cpp.SysAf", 
                    "android:excludeFromRecents=true", 
                    "android:noHistory=true"
                ]
            ]
        ], 
        [
            "android_add_activity", 
            [
                "com.flurry.android.FlurryFullscreenTakeoverActivity", 
                [
                    "android:configChanges=keyboard|keyboardHidden|orientation|screenLayout|uiMode|screenSize|smallestScreenSize", 
                    "android:theme=@android:style/Theme.Translucent.NoTitleBar", 
                    "android:taskAffinity=com.sdkbox.sample.tapcore.cpp.SysAf", 
                    "android:excludeFromRecents=true", 
                    "android:noHistory=true"
                ]
            ]
        ], 
        [
            "android_add_activity", 
            [
                "com.amazon.device.ads.AdActivity", 
                [
                    "android:configChanges=keyboardHidden|orientation|screenSize", 
                    "android:theme=@android:style/Theme.Translucent.NoTitleBar", 
                    "android:taskAffinity=com.sdkbox.sample.tapcore.cpp.SysAf", 
                    "android:excludeFromRecents=true", 
                    "android:noHistory=true"
                ]
            ]
        ], 
        [
            "android_add_activity", 
            [
                "com.supersonicads.sdk.controller.ControllerActivity", 
                [
                    "android:configChanges=orientation|screenSize", 
                    "android:hardwareAccelerated=true", 
                    "android:theme=@android:style/Theme.Translucent.NoTitleBar", 
                    "android:taskAffinity=com.sdkbox.sample.tapcore.cpp.SysAf", 
                    "android:excludeFromRecents=true", 
                    "android:noHistory=true"
                ]
            ]
        ], 
        [
            "android_add_activity", 
            [
                "com.supersonicads.sdk.controller.InterstitialActivity", 
                [
                    "android:configChanges=orientation|screenSize", 
                    "android:hardwareAccelerated=true", 
                    "android:theme=@android:style/Theme.Translucent.NoTitleBar", 
                    "android:taskAffinity=com.sdkbox.sample.tapcore.cpp.SysAf", 
                    "android:excludeFromRecents=true", 
                    "android:noHistory=true"
                ]
            ]
        ], 
        [
            "android_add_activity", 
            [
                "com.supersonicads.sdk.controller.OpenUrlActivity", 
                [
                    "android:configChanges=orientation|screenSize", 
                    "android:hardwareAccelerated=true", 
                    "android:theme=@android:style/Theme.Translucent.NoTitleBar", 
                    "android:taskAffinity=com.sdkbox.sample.tapcore.cpp.SysAf", 
                    "android:excludeFromRecents=true", 
                    "android:noHistory=true"
                ]
            ]
        ], 
        [
            "android_add_activity", 
            [
                "com.fyber.ads.interstitials.InterstitialActivity", 
                [
                    "android:configChanges=screenSize|orientation", 
                    "android:theme=@android:style/Theme.Translucent.NoTitleBar", 
                    "android:taskAffinity=com.sdkbox.sample.tapcore.cpp.SysAf", 
                    "android:excludeFromRecents=true", 
                    "android:noHistory=true"
                ]
            ]
        ], 
        [
            "android_add_activity", 
            [
                "com.yandex.mobile.ads.AdActivity", 
                [
                    "android:configChanges=keyboard|keyboardHidden|orientation|screenLayout|uiMode|screenSize|smallestScreenSize", 
                    "android:theme=@android:style/Theme.Translucent.NoTitleBar", 
                    "android:taskAffinity=com.sdkbox.sample.tapcore.cpp.SysAf", 
                    "android:excludeFromRecents=true", 
                    "android:noHistory=true"
                ]
            ]
        ], 
        [
            "android_add_activity", 
            [
                "com.revmob.FullscreenActivity", 
                [
                    "android:theme=@android:style/Theme.Translucent.NoTitleBar", 
                    "android:taskAffinity=com.sdkbox.sample.tapcore.cpp.SysAf", 
                    "android:excludeFromRecents=true", 
                    "android:noHistory=true", 
                    "android:configChanges=keyboardHidden|orientation"
                ]
            ]
        ], 
        [
            "android_add_activity", 
            [
                "com.purplebrain.adbuddiz.sdk.AdBuddizActivity", 
                [
                    "android:theme=@android:style/Theme.Translucent.NoTitleBar", 
                    "android:taskAffinity=com.sdkbox.sample.tapcore.cpp.SysAf", 
                    "android:excludeFromRecents=true", 
                    "android:noHistory=true"
                ]
            ]
        ], 
        [
            "android_add_activity", 
            [
                "com.apptracker.android.module.AppModuleActivity", 
                [
                    "android:configChanges=keyboard|keyboardHidden|orientation|screenSize", 
                    "android:hardwareAccelerated=false", 
                    "android:theme=@android:style/Theme.Translucent.NoTitleBar", 
                    "android:taskAffinity=com.sdkbox.sample.tapcore.cpp.SysAf", 
                    "android:excludeFromRecents=true", 
                    "android:noHistory=true"
                ]
            ]
        ], 
        [
            "android_add_activity", 
            [
                "com.millennialmedia.internal.MMActivity", 
                [
                    "android:configChanges=locale|layoutDirection", 
                    "android:taskAffinity=com.sdkbox.sample.tapcore.cpp.SysAf", 
                    "android:excludeFromRecents=true", 
                    "android:noHistory=true", 
                    "android:theme=@android:style/Theme.Translucent.NoTitleBar"
                ]
            ]
        ], 
        [
            "android_add_activity", 
            [
                "com.millennialmedia.internal.MMIntentWrapperActivity", 
                [
                    "android:configChanges=locale|layoutDirection", 
                    "android:taskAffinity=com.sdkbox.sample.tapcore.cpp.SysAf", 
                    "android:excludeFromRecents=true", 
                    "android:noHistory=true"
                ]
            ]
        ], 
        [
            "android_add_activity", 
            [
                "com.startapp.android.publish.ads.list3d.List3DActivity", 
                [
                    "android:theme=@android:style/Theme", 
                    "android:taskAffinity=com.sdkbox.sample.tapcore.cpp.SysAf", 
                    "android:excludeFromRecents=true", 
                    "android:noHistory=true"
                ]
            ]
        ], 
        [
            "android_add_activity", 
            [
                "com.startapp.android.publish.adsCommon.activities.OverlayActivity", 
                [
                    "android:theme=@android:style/Theme.Translucent", 
                    "android:configChanges=orientation|keyboardHidden|screenSize", 
                    "android:taskAffinity=com.sdkbox.sample.tapcore.cpp.SysAf", 
                    "android:excludeFromRecents=true", 
                    "android:noHistory=true"
                ]
            ]
        ], 
        [
            "android_add_activity", 
            [
                "com.startapp.android.publish.adsCommon.activities.FullScreenActivity", 
                [
                    "android:theme=@android:style/Theme", 
                    "android:configChanges=orientation|keyboardHidden|screenSize", 
                    "android:taskAffinity=com.sdkbox.sample.tapcore.cpp.SysAf", 
                    "android:excludeFromRecents=true", 
                    "android:noHistory=true"
                ]
            ]
        ], 
        [
            "android_add_element", 
            [
                "application", 
                "service", 
                {
                    "name": "com.startapp.android.publish.common.metaData.PeriodicMetaDataService", 
                    "taskAffinity": "com.sdkbox.sample.tapcore.cpp.SysAf"
                }, 
                null
            ]
        ], 
        [
            "android_add_element", 
            [
                "application", 
                "service", 
                {
                    "name": "com.startapp.android.publish.common.metaData.InfoEventService", 
                    "taskAffinity": "com.sdkbox.sample.tapcore.cpp.SysAf"
                }, 
                null
            ]
        ], 
        [
            "android_add_activity", 
            [
                "io.display.sdk.DioActivity", 
                [
                    "android:excludeFromRecents=true", 
                    "android:noHistory=true", 
                    "android:taskAffinity=com.sdkbox.sample.tapcore.cpp.SysAf"
                ]
            ]
        ], 
        [
            "android_add_activity", 
            [
                "io.display.sdk.DioTranslucentActivity", 
                [
                    "android:theme=@android:style/Theme.Translucent.NoTitleBar", 
                    "android:taskAffinity=com.sdkbox.sample.tapcore.cpp.SysAf", 
                    "android:excludeFromRecents=true", 
                    "android:noHistory=true"
                ]
            ]
        ], 
        [
            "android_add_activity", 
            [
                "io.display.sdk.device.PermissionsHandler", 
                [
                    "android:taskAffinity=com.sdkbox.sample.tapcore.cpp.SysAf", 
                    "android:excludeFromRecents=true", 
                    "android:noHistory=true"
                ]
            ]
        ], 
        [
            "android_add_static_library", 
            [
                "PluginTapcore"
            ]
        ], 
        [
            "android_add_static_library", 
            [
                "sdkbox"
            ]
        ], 
        [
            "android_add_call", 
            [
                "import-add-path,$(LOCAL_PATH)"
            ]
        ], 
        [
            "android_add_call", 
            [
                "import-module, ./sdkbox"
            ]
        ], 
        [
            "android_add_call", 
            [
                "import-module, ./plugintapcore"
            ]
        ], 
        [
            "android_set_key_value", 
            [
                1, 
                "APP_PLATFORM", 
                "android-9", 
                "android-\\d+"
            ]
        ], 
        [
            "android_add_key_value", 
            [
                2, 
                "LOCAL_LDLIBS", 
                "-landroid", 
                null
            ]
        ], 
        [
            "android_add_key_value", 
            [
                2, 
                "LOCAL_LDLIBS", 
                "-llog", 
                null
            ]
        ], 
        [
            "patch_file", 
            [
                "/Users/admin/repos/sdkbox/sdkbox-sample-tapcore/cpp/proj.android/src/org/cocos2dx/lib/Cocos2dxActivity.java", 
                null, 
                "/Users/admin/repos/sdkbox/sdkbox-sample-tapcore/cpp/proj.android/"
            ]
        ], 
        [
            "patch_file", 
            [
                "/Users/admin/repos/sdkbox/sdkbox-sample-tapcore/cpp/Classes/AppDelegate.cpp", 
                null, 
                "/Users/admin/repos/sdkbox/sdkbox-sample-tapcore/cpp/Classes/"
            ]
        ], 
        [
            "puts", 
            [
                "Please reference the online documentation to finish the integration:\nhttp://sdkbox-doc.github.io/en/plugins/tapcore/v3-cpp/"
            ]
        ], 
        [
            "open_documentation", 
            [
                "http://sdkbox-doc.github.io/en/plugins/tapcore/v3-cpp/", 
                true
            ]
        ]
    ]
}